{"project_info":{"project_id":"vernal-branch-104212","project_number":"180906196262","name":"Demo spika v2"},"client":[{"client_info":{"client_id":"android:com.clover_studio.democloverapp","client_type":1,"android_client_info":{"package_name":"com.clover_studio.democloverapp"}},"oauth_client":[],"services":{"analytics_service":{"status":1},"cloud_messaging_service":{"status":2,"apns_config":[]},"appinvite_service":{"status":1,"other_platform_oauth_client":[]},"google_signin_service":{"status":1},"ads_service":{"status":1}}}],"ARTIFACT_VERSION":"1"}